{"schemaVersion":33,"addons":[{"id":"firefox@tampermonkey.net","syncGUID":"{c1879b56-0c8f-4edc-b26d-f9aa9463c27f}","version":"4.17.6161","type":"extension","loader":null,"updateURL":null,"optionsURL":"options.html","optionsType":3,"optionsBrowserStyle":false,"aboutURL":null,"defaultLocale":{"name":"Tampermonkey","description":"The world's most popular userscript manager, with over 10 million users","creator":null,"homepageURL":"https://www.tampermonkey.net/","developers":null,"translators":null,"contributors":null},"visible":true,"active":true,"userDisabled":false,"appDisabled":false,"embedderDisabled":false,"installDate":1653908161060,"updateDate":1653908161060,"applyBackgroundUpdates":1,"path":"/home/sam/.local/share/torbrowser/tbb/x86_64/tor-browser_en-US/Browser/TorBrowser/Data/Browser/profile.default/extensions/firefox@tampermonkey.net.xpi","skinnable":false,"sourceURI":"https://addons.mozilla.org/firefox/downloads/file/3947043/tampermonkey-4.17.6161.xpi","releaseNotesURI":null,"softDisabled":false,"foreignInstall":false,"strictCompatibility":true,"locales":[{"name":"Tampermonkey","description":"The world's most popular userscript manager, with over 10 million users","creator":null,"homepageURL":"https://www.tampermonkey.net/","developers":null,"translators":null,"contributors":null,"locales":["en"]},{"name":"Tampermonkey","description":"The world's most popular userscript manager, with over 10 million users","creator":null,"homepageURL":"https://www.tampermonkey.net/","developers":null,"translators":null,"contributors":null,"locales":["ja"]},{"name":"Tampermonkey","description":"The world's most popular userscript manager, with over 10 million users","creator":null,"homepageURL":"https://www.tampermonkey.net/","developers":null,"translators":null,"contributors":null,"locales":["fr"]},{"name":"Tampermonkey","description":"The world's most popular userscript manager, with over 10 million users","creator":null,"homepageURL":"https://www.tampermonkey.net/","developers":null,"translators":null,"contributors":null,"locales":["pt-PT"]},{"name":"Tampermonkey","description":"The world's most popular userscript manager, with over 10 million users","creator":null,"homepageURL":"https://www.tampermonkey.net/","developers":null,"translators":null,"contributors":null,"locales":["id"]},{"name":"Tampermonkey","description":"The world's most popular userscript manager, with over 10 million users","creator":null,"homepageURL":"https://www.tampermonkey.net/","developers":null,"translators":null,"contributors":null,"locales":["hu"]},{"name":"Tampermonkey","description":"The world's most popular userscript manager, with over 10 million users","creator":null,"homepageURL":"https://www.tampermonkey.net/","developers":null,"translators":null,"contributors":null,"locales":["cs"]},{"name":"Tampermonkey","description":"The world's most popular userscript manager, with over 10 million users","creator":null,"homepageURL":"https://www.tampermonkey.net/","developers":null,"translators":null,"contributors":null,"locales":["uk"]},{"name":"Tampermonkey","description":"The world's most popular userscript manager, with over 10 million users","creator":null,"homepageURL":"https://www.tampermonkey.net/","developers":null,"translators":null,"contributors":null,"locales":["vi"]},{"name":"Tampermonkey","description":"The world's most popular userscript manager, with over 10 million users","creator":null,"homepageURL":"https://www.tampermonkey.net/","developers":null,"translators":null,"contributors":null,"locales":["ko"]},{"name":"Tampermonkey","description":"The world's most popular userscript manager, with over 10 million users","creator":null,"homepageURL":"https://www.tampermonkey.net/","developers":null,"translators":null,"contributors":null,"locales":["ar"]},{"name":"Tampermonkey","description":"The world's most popular userscript manager, with over 10 million users","creator":null,"homepageURL":"https://www.tampermonkey.net/","developers":null,"translators":null,"contributors":null,"locales":["it"]},{"name":"Tampermonkey","description":"The world's most popular userscript manager, with over 10 million users","creator":null,"homepageURL":"https://www.tampermonkey.net/","developers":null,"translators":null,"contributors":null,"locales":["de"]},{"name":"Tampermonkey","description":"The world's most popular userscript manager, with over 10 million users","creator":null,"homepageURL":"https://www.tampermonkey.net/","developers":null,"translators":null,"contributors":null,"locales":["hi"]},{"name":"Tampermonkey","description":"The world's most popular userscript manager, with over 10 million users","creator":null,"homepageURL":"https://www.tampermonkey.net/","developers":null,"translators":null,"contributors":null,"locales":["nb"]},{"name":"Tampermonkey","description":"The world's most popular userscript manager, with over 10 million users","creator":null,"homepageURL":"https://www.tampermonkey.net/","developers":null,"translators":null,"contributors":null,"locales":["sr"]},{"name":"Tampermonkey","description":"The world's most popular userscript manager, with over 10 million users","creator":null,"homepageURL":"https://www.tampermonkey.net/","developers":null,"translators":null,"contributors":null,"locales":["sk"]},{"name":"Tampermonkey","description":"The world's most popular userscript manager, with over 10 million users","creator":null,"homepageURL":"https://www.tampermonkey.net/","developers":null,"translators":null,"contributors":null,"locales":["zh-CN"]},{"name":"Tampermonkey","description":"The world's most popular userscript manager, with over 10 million users","creator":null,"homepageURL":"https://www.tampermonkey.net/","developers":null,"translators":null,"contributors":null,"locales":["ru"]},{"name":"Tampermonkey","description":"The world's most popular userscript manager, with over 10 million users","creator":null,"homepageURL":"https://www.tampermonkey.net/","developers":null,"translators":null,"contributors":null,"locales":["pl"]},{"name":"Tampermonkey","description":"The world's most popular userscript manager, with over 10 million users","creator":null,"homepageURL":"https://www.tampermonkey.net/","developers":null,"translators":null,"contributors":null,"locales":["hr"]},{"name":"Tampermonkey","description":"The world's most popular userscript manager, with over 10 million users","creator":null,"homepageURL":"https://www.tampermonkey.net/","developers":null,"translators":null,"contributors":null,"locales":["be"]},{"name":"Tampermonkey","description":"The world's most popular userscript manager, with over 10 million users","creator":null,"homepageURL":"https://www.tampermonkey.net/","developers":null,"translators":null,"contributors":null,"locales":["es"]},{"name":"Tampermonkey","description":"The world's most popular userscript manager, with over 10 million users","creator":null,"homepageURL":"https://www.tampermonkey.net/","developers":null,"translators":null,"contributors":null,"locales":["pt-BR"]},{"name":"Tampermonkey","description":"The world's most popular userscript manager, with over 10 million users","creator":null,"homepageURL":"https://www.tampermonkey.net/","developers":null,"translators":null,"contributors":null,"locales":["zh-TW"]},{"name":"Tampermonkey","description":"The world's most popular userscript manager, with over 10 million users","creator":null,"homepageURL":"https://www.tampermonkey.net/","developers":null,"translators":null,"contributors":null,"locales":["da"]},{"name":"Tampermonkey","description":"The world's most popular userscript manager, with over 10 million users","creator":null,"homepageURL":"https://www.tampermonkey.net/","developers":null,"translators":null,"contributors":null,"locales":["tr"]},{"name":"Tampermonkey","description":"The world's most popular userscript manager, with over 10 million users","creator":null,"homepageURL":"https://www.tampermonkey.net/","developers":null,"translators":null,"contributors":null,"locales":["nl"]}],"targetApplications":[{"id":"toolkit@mozilla.org","minVersion":"63.0","maxVersion":"*"}],"targetPlatforms":[],"signedState":2,"signedDate":1652206608000,"seen":true,"dependencies":[],"incognito":"spanning","userPermissions":{"permissions":["notifications","tabs","idle","webNavigation","webRequest","webRequestBlocking","unlimitedStorage","storage","contextMenus","clipboardWrite","cookies","downloads"],"origins":["<all_urls>","file:///*.user.js"]},"optionalPermissions":{"permissions":[],"origins":[]},"icons":{"32":"images/icon32.png","48":"images/icon48.png","128":"images/icon128.png"},"iconURL":null,"blocklistState":0,"blocklistURL":null,"startupData":null,"hidden":false,"installTelemetryInfo":{"source":"amo","sourceURL":"https://addons.mozilla.org/en-US/firefox/addon/tampermonkey/","method":"link"},"recommendationState":null,"rootURI":"jar:file:///home/sam/.local/share/torbrowser/tbb/x86_64/tor-browser_en-US/Browser/TorBrowser/Data/Browser/profile.default/extensions/firefox@tampermonkey.net.xpi!/","location":"app-profile"},{"id":"{73a6fe31-595d-460b-a920-fcc0f8843232}","syncGUID":"{97234631-2814-4831-9678-c53d78b558c4}","version":"11.4.6","type":"extension","loader":null,"updateURL":null,"optionsURL":"ui/options.html","optionsType":3,"optionsBrowserStyle":true,"aboutURL":null,"defaultLocale":{"name":"NoScript","description":"Maximum protection for your browser: NoScript allows active content only for trusted domains of your choice to prevent exploitation.","creator":null,"developers":null,"translators":null,"contributors":null},"visible":true,"active":true,"userDisabled":false,"appDisabled":false,"embedderDisabled":false,"installDate":946684800000,"updateDate":1655022885445,"applyBackgroundUpdates":1,"path":"/home/sam/.local/share/torbrowser/tbb/x86_64/tor-browser_en-US/Browser/TorBrowser/Data/Browser/profile.default/extensions/{73a6fe31-595d-460b-a920-fcc0f8843232}.xpi","skinnable":false,"sourceURI":null,"releaseNotesURI":null,"softDisabled":false,"foreignInstall":true,"strictCompatibility":true,"locales":[{"name":"NoScript","description":"Maximum protection for your browser: NoScript allows active content only for trusted domains of your choice to prevent exploitation.","creator":null,"developers":null,"translators":null,"contributors":null,"locales":["en"]},{"name":"NoScript","description":"ブラウザの最大限の保護：NoScript は、悪用を防ぐために、選択した信頼できるドメインに対してのみアクティブコンテンツを許可します。","creator":null,"developers":null,"translators":null,"contributors":null,"locales":["ja"]},{"name":"NoScript","description":"Ekstra beskyttelse for Firefox: NoScript tillater JavaScript, Flash (og andre programtillegg) kun for betrodde domener du velger (f.eks. din nettbankside). Denne hvitlistebaserte forhåndsblokkeringsbaserte tilnærmingen forhindrer utnytting av sikkerhetssvakheter (kjente og ukjente!) uten funksjonalitetstap… Eksperter vil bekrefte: Firefox er faktisk tryggere med NoScript :-)","creator":null,"developers":null,"translators":null,"contributors":null,"locales":["nb-NO"]},{"name":"NoScript","description":"Une protection maximale pour votre navigateur. NoScript ne permet les contenus actifs que pour les domaines de votre choix, afin de prévenir l’exploitation de vulnérabilités informatiques.","creator":null,"developers":null,"translators":null,"contributors":null,"locales":["fr"]},{"name":"NoScript","description":"ব্রাউজারের জন্য সর্বোচ্চ সুরক্ষা : নোস্ক্রিপ্ট আপনার বিশ্বস্ত চিহ্নিত ডোমেইনগুলোর সক্রিয় কন্টেন্টকেই শুধু চলতে দেয়, যেন কেউ পরিস্থিতির সুযোগ নিতে না পারে।","creator":null,"developers":null,"translators":null,"contributors":null,"locales":["bn"]},{"name":"NoScript","description":"Hámarksvarnir fyrir vafrann þinn: NoScript leyfir virkt efni einungis frá þeim lénum sem þú hefur ákveðið að treysta, svo koma megi í veg fyrir misnotkun.","creator":null,"developers":null,"translators":null,"contributors":null,"locales":["is"]},{"name":"NoScript","description":"Maximalt skydd för din webbläsare: NoScript tillåter aktivt innehåll endast för betrodda domäner som du väljer för att förhindra exploatering.","creator":null,"developers":null,"translators":null,"contributors":null,"locales":["sv-SE"]},{"name":"NoScript","description":"Protezione massima per il tuo browser: NoScript permette i contenuti attivi solo per i domini fidati di tua scelta per impedirne lo sfruttamento.","creator":null,"developers":null,"translators":null,"contributors":null,"locales":["it"]},{"name":"NoScript","description":"Maksimalus jūsų naršyklės apsaugojimas: Aktyvų turinį NoScript leidžia tik iš jūsų pasirinktų patikimų domenų, kad apsisaugotumėte nuo išnaudojimo.","creator":null,"developers":null,"translators":null,"contributors":null,"locales":["lt"]},{"name":"NoScript","description":"Mbrojtje maksimale për shfletuesin tuaj: NoScript lejon lëndë aktive vetëm për përkatësi të besuara që doni, për të penguar shfrytësimin.","creator":null,"developers":null,"translators":null,"contributors":null,"locales":["sq"]},{"name":"NoScript","description":"Максимална заштита за вашиот пребарувач: NoScript овозможува активна содржина само за доверливите домеини од вашиот избор за да спречи злоупотреба.","creator":null,"developers":null,"translators":null,"contributors":null,"locales":["mk"]},{"name":"NoScript","description":"Maximaler Schutz für Ihren Browser: NoScript lässt aktive Inhalte nur für vertrauenswürdige Domains Ihrer Wahl zu, um das Ausnutzen von Sicherheitslücken zu verhindern.","creator":null,"developers":null,"translators":null,"contributors":null,"locales":["de"]},{"name":"NoScript","description":"Protecció màxima per al vostre navegador: NoScript permet contingut actiu només per a dominis de confiança que escolliu per evitar l'explotació.","creator":null,"developers":null,"translators":null,"contributors":null,"locales":["ca"]},{"name":"NoScript","description":"Perlindungan maksimum untuk pelayar anda: NoScript hanya membolehkan kandungan aktif untuk domain yang dipercayai berdasarkan pilihan anda untuk menghindari eksploitasi.","creator":null,"developers":null,"translators":null,"contributors":null,"locales":["ms"]},{"name":"NoScript","description":"最大限度地保护您的浏览器：NoScript 只允许您选择的信任域名显示活动内容，以防止漏洞利用。","creator":null,"developers":null,"translators":null,"contributors":null,"locales":["zh-CN"]},{"name":"NoScript","description":"Maksimal beskyttelse for nettleseren din: NoScript tillater bare aktivt innhold for pålitelige domener du ønsker, for å forhindre utnyttelse.","creator":null,"developers":null,"translators":null,"contributors":null,"locales":["nb"]},{"name":"NoScript","description":"Максимальная защита вашего браузера: для предотвращения использования уязвимостей NoScript разрешает активное содержимое только для доверенных доменов, выбранных вами.","creator":null,"developers":null,"translators":null,"contributors":null,"locales":["ru"]},{"name":"NoScript","description":"Gwarez evit ho merdeer: NoScript a aotren an endalc'hadoù oberiant hepken evit an domanioù lakaet da fizius hervez ho tibaboù, kement-se evit mirout ouzh ar c'horvoiñ.","creator":null,"developers":null,"translators":null,"contributors":null,"locales":["br"]},{"name":"NoScript","description":"Maksymalna ochrona dla twojej przeglądarki: NoScript zezwala na aktywne treści tylko w zaufanych domenach, aby zapobiec ich wykorzystaniu.","creator":null,"developers":null,"translators":null,"contributors":null,"locales":["pl"]},{"name":"NoScript","description":"Maximum protection for your browser: NoScript allows active content only for trusted domains of your choice to prevent exploitation.","creator":null,"developers":null,"translators":null,"contributors":null,"locales":["el"]},{"name":"NoScript","description":"Máxima protección para tu navegador: NoScript permite contenido activo solamente para dominios en los que confías por elección, para prevenir la explotación.","creator":null,"developers":null,"translators":null,"contributors":null,"locales":["es"]},{"name":"NoScript","description":"Proteção máxima para o seu navegador: NoScript permite conteúdo ativo apenas para domínios confiáveis de sua escolha para evitar exploração.","creator":null,"developers":null,"translators":null,"contributors":null,"locales":["pt-BR"]},{"name":"NoScript","description":"給您的瀏覽器最大保護：NoScript 僅允許您選擇之信任網域的主動式內容，以防止入侵。","creator":null,"developers":null,"translators":null,"contributors":null,"locales":["zh-TW"]},{"name":"NoScript","description":"הגנה מירבית לדפדפן שלך: NoScript מתיר תוכן פעיל רק עבור תחומים מהימנים לבחירתך כדי למנוע ניצול פירצות.","creator":null,"developers":null,"translators":null,"contributors":null,"locales":["he"]},{"name":"NoScript","description":"Maksimal beskyttelse til din browser: NoScript tillader kun aktivt indhold på troværdige domæner som du vælger, for at forhindre udnyttelse.","creator":null,"developers":null,"translators":null,"contributors":null,"locales":["da"]},{"name":"NoScript","description":"Tarayıcınız için en iyi koruma: NoScript, kötü niyetli girişimleri engellemek için, yalnız güvenilir olarak seçtiğiniz etki alanlarında bulunan etkin içeriklerin çalışmasına izin verir.","creator":null,"developers":null,"translators":null,"contributors":null,"locales":["tr"]},{"name":"NoScript","description":"Maximale bescherming voor uw browser: NoScript staat actieve inhoud alleen toe voor vertrouwde domeinen van uw keuze, zodat uitbuiting wordt voorkomen.","creator":null,"developers":null,"translators":null,"contributors":null,"locales":["nl"]}],"targetApplications":[{"id":"toolkit@mozilla.org","minVersion":"59.0","maxVersion":"*"}],"targetPlatforms":[],"signedState":2,"signedDate":1653896427000,"seen":true,"dependencies":[],"incognito":"spanning","userPermissions":{"permissions":["contextMenus","storage","tabs","unlimitedStorage","webNavigation","webRequest","webRequestBlocking","dns"],"origins":["<all_urls>","ftp://*/*","file://*/*"]},"optionalPermissions":{"permissions":[],"origins":[]},"icons":{"48":"img/icon48.png","96":"img/icon96.png","256":"img/icon256.png"},"iconURL":null,"blocklistState":0,"blocklistURL":null,"startupData":{"persistentListeners":{"webRequest":{"onBeforeRequest":[[{"incognito":null,"tabId":null,"types":["xmlhttprequest"],"urls":["https://[ff00::]/nscl/moz-extension://d272cd84-d788-4b89-8e8c-734a20b831a3/syncMessage?*"],"windowId":null},["blocking"]],[{"incognito":null,"tabId":null,"types":["main_frame","sub_frame","object"],"urls":["*://*/*"],"windowId":null},["blocking","requestBody"]]],"onHeadersReceived":[[{"incognito":null,"tabId":null,"types":["main_frame","sub_frame"],"urls":["<all_urls>"],"windowId":null},["blocking","responseHeaders"]],[{"incognito":null,"tabId":null,"types":["main_frame","sub_frame","object"],"urls":["<all_urls>"],"windowId":null},["blocking"]],[{"incognito":null,"tabId":null,"types":["main_frame","sub_frame","object"],"urls":["<all_urls>"],"windowId":null},["blocking","responseHeaders"]]],"onBeforeSendHeaders":[[{"incognito":null,"tabId":null,"types":null,"urls":["<all_urls>"],"windowId":null},["blocking"]]],"onResponseStarted":[[{"incognito":null,"tabId":null,"types":["main_frame","sub_frame","object"],"urls":["<all_urls>"],"windowId":null},["responseHeaders"]]],"onCompleted":[[{"incognito":null,"tabId":null,"types":null,"urls":["<all_urls>"],"windowId":null},null],[{"incognito":null,"tabId":null,"types":["main_frame","sub_frame","object"],"urls":["<all_urls>"],"windowId":null},null],[{"incognito":null,"tabId":null,"types":["main_frame","sub_frame","object"],"urls":["*://*/*"],"windowId":null},null]],"onErrorOccurred":[[{"incognito":null,"tabId":null,"types":null,"urls":["<all_urls>"],"windowId":null}],[{"incognito":null,"tabId":null,"types":["main_frame","sub_frame","object"],"urls":["<all_urls>"],"windowId":null}],[{"incognito":null,"tabId":null,"types":["main_frame","sub_frame","object"],"urls":["*://*/*"],"windowId":null}]]}}},"hidden":false,"installTelemetryInfo":{"source":"app-profile","method":"sideload"},"recommendationState":{"validNotAfter":1811684427000,"validNotBefore":1653896427000,"states":["recommended","recommended-android"]},"rootURI":"jar:file:///home/sam/.local/share/torbrowser/tbb/x86_64/tor-browser_en-US/Browser/TorBrowser/Data/Browser/profile.default/extensions/%7B73a6fe31-595d-460b-a920-fcc0f8843232%7D.xpi!/","location":"app-profile"},{"id":"onboarding@mozilla.org","syncGUID":"{43beb636-291a-444d-8582-c880c1dcf5cb}","version":"1.0","type":"extension","loader":null,"updateURL":null,"optionsURL":null,"optionsType":null,"optionsBrowserStyle":true,"aboutURL":null,"defaultLocale":{"name":"Onboarding","creator":null,"developers":null,"translators":null,"contributors":null},"visible":true,"active":true,"userDisabled":false,"appDisabled":false,"embedderDisabled":false,"installDate":946684800000,"updateDate":946684800000,"applyBackgroundUpdates":1,"path":"/home/sam/.local/share/torbrowser/tbb/x86_64/tor-browser_en-US/Browser/browser/features/onboarding@mozilla.org.xpi","skinnable":false,"sourceURI":null,"releaseNotesURI":null,"softDisabled":false,"foreignInstall":false,"strictCompatibility":true,"locales":[],"targetApplications":[{"id":"toolkit@mozilla.org","minVersion":null,"maxVersion":null}],"targetPlatforms":[],"signedDate":null,"seen":true,"dependencies":[],"incognito":"spanning","userPermissions":{"permissions":[],"origins":[]},"optionalPermissions":{"permissions":[],"origins":[]},"icons":{},"iconURL":null,"blocklistState":0,"blocklistURL":null,"startupData":{},"hidden":true,"installTelemetryInfo":null,"recommendationState":null,"rootURI":"jar:file:///home/sam/.local/share/torbrowser/tbb/x86_64/tor-browser_en-US/Browser/browser/features/onboarding@mozilla.org.xpi!/","location":"app-system-defaults"},{"id":"default-theme@mozilla.org","syncGUID":"{66d8d22c-90c5-47bb-b879-169ee88d117c}","version":"1.2","type":"theme","loader":null,"updateURL":null,"optionsURL":null,"optionsType":null,"optionsBrowserStyle":true,"aboutURL":null,"defaultLocale":{"name":"System theme","description":"Follow the operating system setting for buttons, menus, and windows.","creator":"Mozilla","developers":null,"translators":null,"contributors":null},"visible":true,"active":true,"userDisabled":false,"appDisabled":false,"embedderDisabled":false,"installDate":1653908099967,"applyBackgroundUpdates":1,"path":null,"skinnable":false,"sourceURI":null,"releaseNotesURI":null,"softDisabled":false,"foreignInstall":false,"strictCompatibility":true,"locales":[],"targetApplications":[{"id":"toolkit@mozilla.org","minVersion":null,"maxVersion":null}],"targetPlatforms":[],"signedDate":null,"seen":true,"dependencies":[],"userPermissions":null,"optionalPermissions":null,"icons":{"32":"icon.svg"},"iconURL":null,"blocklistState":0,"blocklistURL":null,"startupData":{},"hidden":false,"installTelemetryInfo":null,"recommendationState":null,"rootURI":"resource://default-theme/","location":"app-builtin"},{"id":"firefox-compact-light@mozilla.org","syncGUID":"{84783d91-bc78-4183-bc90-25afec0374b3}","version":"1.2","type":"theme","loader":null,"updateURL":null,"optionsURL":null,"optionsType":null,"optionsBrowserStyle":true,"aboutURL":null,"defaultLocale":{"name":"Light","description":"A theme with a light color scheme.","creator":"Mozilla","developers":null,"translators":null,"contributors":null},"visible":true,"active":false,"userDisabled":true,"appDisabled":false,"embedderDisabled":false,"installDate":1653908099989,"applyBackgroundUpdates":1,"path":null,"skinnable":false,"sourceURI":null,"releaseNotesURI":null,"softDisabled":false,"foreignInstall":false,"strictCompatibility":true,"locales":[],"targetApplications":[{"id":"toolkit@mozilla.org","minVersion":null,"maxVersion":null}],"targetPlatforms":[],"signedDate":null,"seen":true,"dependencies":[],"userPermissions":null,"optionalPermissions":null,"icons":{"32":"icon.svg"},"iconURL":null,"blocklistState":0,"blocklistURL":null,"startupData":null,"hidden":false,"installTelemetryInfo":null,"recommendationState":null,"rootURI":"resource://builtin-themes/light/","location":"app-builtin"},{"id":"firefox-alpenglow@mozilla.org","syncGUID":"{d7a60f3f-d6ac-4acf-b90c-2216e2b71073}","version":"1.4","type":"theme","loader":null,"updateURL":null,"optionsURL":null,"optionsType":null,"optionsBrowserStyle":true,"aboutURL":null,"defaultLocale":{"name":"Firefox Alpenglow","description":"Use a colorful appearance for buttons, menus, and windows.","creator":null,"developers":null,"translators":null,"contributors":null},"visible":true,"active":false,"userDisabled":true,"appDisabled":false,"embedderDisabled":false,"installDate":1653908100013,"applyBackgroundUpdates":1,"path":null,"skinnable":false,"sourceURI":null,"releaseNotesURI":null,"softDisabled":false,"foreignInstall":false,"strictCompatibility":true,"locales":[],"targetApplications":[{"id":"toolkit@mozilla.org","minVersion":null,"maxVersion":null}],"targetPlatforms":[],"signedDate":null,"seen":true,"dependencies":[],"userPermissions":null,"optionalPermissions":null,"icons":{"32":"icon.svg"},"iconURL":null,"blocklistState":0,"blocklistURL":null,"startupData":null,"hidden":false,"installTelemetryInfo":null,"recommendationState":null,"rootURI":"resource://builtin-themes/alpenglow/","location":"app-builtin"},{"id":"firefox-compact-dark@mozilla.org","syncGUID":"{4b5454df-b16d-425c-8abe-c8ce2dfa43cd}","version":"1.2","type":"theme","loader":null,"updateURL":null,"optionsURL":null,"optionsType":null,"optionsBrowserStyle":true,"aboutURL":null,"defaultLocale":{"name":"Dark","description":"A theme with a dark color scheme.","creator":"Mozilla","developers":null,"translators":null,"contributors":null},"visible":true,"active":false,"userDisabled":true,"appDisabled":false,"embedderDisabled":false,"installDate":1653908100013,"applyBackgroundUpdates":1,"path":null,"skinnable":false,"sourceURI":null,"releaseNotesURI":null,"softDisabled":false,"foreignInstall":false,"strictCompatibility":true,"locales":[],"targetApplications":[{"id":"toolkit@mozilla.org","minVersion":null,"maxVersion":null}],"targetPlatforms":[],"signedDate":null,"seen":true,"dependencies":[],"userPermissions":null,"optionalPermissions":null,"icons":{"32":"icon.svg"},"iconURL":null,"blocklistState":0,"blocklistURL":null,"startupData":null,"hidden":false,"installTelemetryInfo":null,"recommendationState":null,"rootURI":"resource://builtin-themes/dark/","location":"app-builtin"},{"id":"https-everywhere-eff@eff.org","syncGUID":"{6e72b3dd-7590-4a95-983a-f6bc2c5944c2}","version":"2021.7.13","type":"extension","loader":null,"updateURL":"https://www.eff.org/files/https-everywhere-updates.json","optionsURL":"pages/options/index.html","optionsType":3,"optionsBrowserStyle":true,"aboutURL":null,"defaultLocale":{"name":"HTTPS Everywhere","description":"Encrypt the Web! Automatically use HTTPS security on many sites.","creator":"extension-devs@eff.org","homepageURL":"https://www.eff.org/https-everywhere","developers":null,"translators":null,"contributors":null},"visible":true,"active":true,"userDisabled":false,"appDisabled":false,"embedderDisabled":false,"installDate":1653908100343,"applyBackgroundUpdates":1,"path":null,"skinnable":false,"sourceURI":null,"releaseNotesURI":null,"softDisabled":false,"foreignInstall":false,"strictCompatibility":true,"locales":[{"name":"HTTPS Everywhere","description":"Encrypt the Web! Automatically use HTTPS security on many sites.","creator":"extension-devs@eff.org","homepageURL":"https://www.eff.org/https-everywhere","developers":null,"translators":null,"contributors":null,"locales":["en"]},{"name":"HTTPS Kõikjal","description":"Krüpteeri veeb! Kasuta HTTPS turvalaiendust automaatselt paljudel lehtedel.","creator":"extension-devs@eff.org","homepageURL":"https://www.eff.org/https-everywhere","developers":null,"translators":null,"contributors":null,"locales":["et"]},{"name":"HTTPS Everywhere","description":"Encrypt the Web! Automatically use HTTPS security on many sites.","creator":"extension-devs@eff.org","homepageURL":"https://www.eff.org/https-everywhere","developers":null,"translators":null,"contributors":null,"locales":["oc"]},{"name":"HTTPS Everywhere","description":"Amgriptiwch yr We! Defnyddiwch diogelwch HTTPS yn awtomatig ar nifer o wefanau.","creator":"extension-devs@eff.org","homepageURL":"https://www.eff.org/https-everywhere","developers":null,"translators":null,"contributors":null,"locales":["cy"]},{"name":"HTTPS Everywhere","description":"Encrypt the Web! Automatically use HTTPS security on many sites.","creator":"extension-devs@eff.org","homepageURL":"https://www.eff.org/https-everywhere","developers":null,"translators":null,"contributors":null,"locales":["te"]},{"name":"HTTPS partout","description":"Chiffrez la Toile ! Utilisez automatiquement la sécurité HTTPS avec de nombreux sites.","creator":"extension-devs@eff.org","homepageURL":"https://www.eff.org/https-everywhere","developers":null,"translators":null,"contributors":null,"locales":["fr"]},{"name":"HTTPS Everywhere","description":"Encrypt the Web! Automatically use HTTPS security on many sites.","creator":"extension-devs@eff.org","homepageURL":"https://www.eff.org/https-everywhere","developers":null,"translators":null,"contributors":null,"locales":["ach"]},{"name":"HTTPS Everywhere","description":"Encrypt the Web! Automatically use HTTPS security on many sites.","creator":"extension-devs@eff.org","homepageURL":"https://www.eff.org/https-everywhere","developers":null,"translators":null,"contributors":null,"locales":["fy"]},{"name":"HTTPS Everywhere","description":"អ៊ិនគ្រីប​តំបន់​បណ្ដាញ! ប្រើ​សុវត្ថិភាព HTTPS នៅ​លើ​បណ្ដាញ​​ជា​ច្រើន។","creator":"extension-devs@eff.org","homepageURL":"https://www.eff.org/https-everywhere","developers":null,"translators":null,"contributors":null,"locales":["km"]},{"name":"HTTPS ਐਵਰੀਵੇਅਰ","description":"ਵੈੱਬ ਨੂੰ ਇੰਕ੍ਰਿਪਟ ਕਰੋ! ਕਈ ਸਾਈਟਾਂ ਲਈ ਆਪਣੇ ਆਪ HTTPS ਸੁਰੱਖਿਆ ਵਰਤੋ।","creator":"extension-devs@eff.org","homepageURL":"https://www.eff.org/https-everywhere","developers":null,"translators":null,"contributors":null,"locales":["pa"]},{"name":"HTTPS Everywhere","description":"Enkripsi web-nya! Gunakan keamanan HTTPS secara otomatis di banyak situs.","creator":"extension-devs@eff.org","homepageURL":"https://www.eff.org/https-everywhere","developers":null,"translators":null,"contributors":null,"locales":["id"]},{"name":"HTTPS Навсякъде","description":"Шифрирайте мрежата! Използвайте автоматична HTTPS защита на много страници.","creator":"extension-devs@eff.org","homepageURL":"https://www.eff.org/https-everywhere","developers":null,"translators":null,"contributors":null,"locales":["bg"]},{"name":"সর্বত্র HTTPS","description":"ওয়েবকে এনক্রিপ্ট করুন! বহু সাইটে স্বয়ংক্রিয়ভাবে HTTPS নিরাপত্তা ব্যবহার করুন।","creator":"extension-devs@eff.org","homepageURL":"https://www.eff.org/https-everywhere","developers":null,"translators":null,"contributors":null,"locales":["bn"]},{"name":"HTTPS Everywhere","description":"Encrypt the Web! Automatically use HTTPS security on many sites.","creator":"extension-devs@eff.org","homepageURL":"https://www.eff.org/https-everywhere","developers":null,"translators":null,"contributors":null,"locales":["kab"]},{"name":"HTTPS Everywhere","description":"¡Encriptar la Web! Usar seguridad HTTPS automáticamente en la mayoría de los sitios.","creator":"extension-devs@eff.org","homepageURL":"https://www.eff.org/https-everywhere","developers":null,"translators":null,"contributors":null,"locales":["es-AR"]},{"name":"HTTPS Everywhere","description":"Weba enkriptatu! Automatikoki erabili HTTPS segurtasuna leku askotan.","creator":"extension-devs@eff.org","homepageURL":"https://www.eff.org/https-everywhere","developers":null,"translators":null,"contributors":null,"locales":["eu"]},{"name":"HTTPS Everywhere","description":"Kryptera webben! Använd HTTPS automatiskt på många webbplatser.","creator":"extension-devs@eff.org","homepageURL":"https://www.eff.org/https-everywhere","developers":null,"translators":null,"contributors":null,"locales":["sv"]},{"name":"HTTPS Everywhere","description":"Šifrujte! Používejte automaticky zabezpečené HTTPS na mnoha stránkách.","creator":"extension-devs@eff.org","homepageURL":"https://www.eff.org/https-everywhere","developers":null,"translators":null,"contributors":null,"locales":["cs"]},{"name":"HTTPS Everywhere","description":"Cifra la Red! Automáticamente utiliza seguridades HTTPS en multiples sitios.","creator":"extension-devs@eff.org","homepageURL":"https://www.eff.org/https-everywhere","developers":null,"translators":null,"contributors":null,"locales":["es-MX"]},{"name":"HTTPS Everywhere","description":"බොහෝ වෙබ් අඩවි සඳහා HTTPS ආරක්ෂාව ස්වයංක්‍රීයව පාවිච්චි කරන්න.","creator":"extension-devs@eff.org","homepageURL":"https://www.eff.org/https-everywhere","developers":null,"translators":null,"contributors":null,"locales":["si-LK"]},{"name":"HTTPS Everywhere","description":"Encrypt the Web! Automatically use HTTPS security on many sites.","creator":"extension-devs@eff.org","homepageURL":"https://www.eff.org/https-everywhere","developers":null,"translators":null,"contributors":null,"locales":["or"]},{"name":"HTTPS Everywhere","description":"Titkosítsa a Web-et! Automatikusan használja a HTTPS titkosítást a legtöbb oldalon.","creator":"extension-devs@eff.org","homepageURL":"https://www.eff.org/https-everywhere","developers":null,"translators":null,"contributors":null,"locales":["hu"]},{"name":"HTTPS Everywhere","description":"Encrypt the Web! Automatically use HTTPS security on many sites.","creator":"extension-devs@eff.org","homepageURL":"https://www.eff.org/https-everywhere","developers":null,"translators":null,"contributors":null,"locales":["en-GB"]},{"name":"HTTPS Everywhere","description":"Encrypt the Web! Automatically use HTTPS security on many sites.","creator":"extension-devs@eff.org","homepageURL":"https://www.eff.org/https-everywhere","developers":null,"translators":null,"contributors":null,"locales":["kn"]},{"name":"HTTPS-allsstaðar","description":"Dulkóðaðu vefinn! Notaðu sjálfkrafa HTTPS-öryggi á mörgum vefsvæðum.","creator":"extension-devs@eff.org","homepageURL":"https://www.eff.org/https-everywhere","developers":null,"translators":null,"contributors":null,"locales":["is"]},{"name":"HTTPS Everywhere","description":"Зашифруйте мережу! Автоматично використовуйте безпеку HTTPS на багатьох сайтах.","creator":"extension-devs@eff.org","homepageURL":"https://www.eff.org/https-everywhere","developers":null,"translators":null,"contributors":null,"locales":["uk"]},{"name":"HTTPS Everywhere","description":"Krypter veven! Bruk HTTPS-tryggleik automatisk på mange sider.","creator":"extension-devs@eff.org","homepageURL":"https://www.eff.org/https-everywhere","developers":null,"translators":null,"contributors":null,"locales":["nn"]},{"name":"ہائپر ٹیکسٹ ٹرانسفر پروٹوکول سکیور ہر جگہ ","description":"ویب کو خفیہ کریں! خودبخود ہائپر ٹیکسٹ ٹرانسفر پروٹوکول سکیور سکیورٹی زیادہ سائیٹس پر استعمال کریں۔","creator":"extension-devs@eff.org","homepageURL":"https://www.eff.org/https-everywhere","developers":null,"translators":null,"contributors":null,"locales":["ur"]},{"name":"HTTPS Everywhere","description":"Encrypt the Web! Automatically use HTTPS security on many sites.","creator":"extension-devs@eff.org","homepageURL":"https://www.eff.org/https-everywhere","developers":null,"translators":null,"contributors":null,"locales":["si"]},{"name":"HTTPS-Ĉie","description":"Ĉifrigu la reton! Aŭtomate uzu HTTPS‐sekurecon ĉe multaj retejoj.","creator":"extension-devs@eff.org","homepageURL":"https://www.eff.org/https-everywhere","developers":null,"translators":null,"contributors":null,"locales":["eo"]},{"name":"HTTPS kila mahali","description":"Encrypt mtandao!  Moja kwa moja tumia HTTPS usalama kwenye tovuti nyingi.","creator":"extension-devs@eff.org","homepageURL":"https://www.eff.org/https-everywhere","developers":null,"translators":null,"contributors":null,"locales":["sw"]},{"name":"HTTPS Everywhere","description":"Mã hóa Web! Tự động sử dụng bảo mật HTTPS ở nhiều trang web.","creator":"extension-devs@eff.org","homepageURL":"https://www.eff.org/https-everywhere","developers":null,"translators":null,"contributors":null,"locales":["vi"]},{"name":"HTTPS Everywhere","description":"شفر شبكة الإنترنت! استخدم تلقائيا تقنية HTTPS للأمان مع الكثير من المواقع.","creator":"extension-devs@eff.org","homepageURL":"https://www.eff.org/https-everywhere","developers":null,"translators":null,"contributors":null,"locales":["ar"]},{"name":"HTTPS Everywhere","description":"დაშიფრეთ ინტერნეტკავშირი! გამოიყენეთ დაცული HTTPS საიტების უმეტეს ნაწილზე.","creator":"extension-devs@eff.org","homepageURL":"https://www.eff.org/https-everywhere","developers":null,"translators":null,"contributors":null,"locales":["ka"]},{"name":"HTTPS Everywhere","description":"Encripta la Web! Usar seguridá HTTPS automáticamente en munchos sitios","creator":"extension-devs@eff.org","homepageURL":"https://www.eff.org/https-everywhere","developers":null,"translators":null,"contributors":null,"locales":["ast"]},{"name":"HTTPS Everywhere","description":"加密网络浏览，自动使用 HTTPS 连接访问站点，更加安全。","creator":"extension-devs@eff.org","homepageURL":"https://www.eff.org/https-everywhere","developers":null,"translators":null,"contributors":null,"locales":["zh-CN"]},{"name":"HTTPS Everywhere","description":"웹을 암호화 하세요! 자동으로 여러 사이트에 HTTPS 보안을 사용합니다.","creator":"extension-devs@eff.org","homepageURL":"https://www.eff.org/https-everywhere","developers":null,"translators":null,"contributors":null,"locales":["ko"]},{"name":"HTTPS Everywhere","description":"Encrypt the Web! Automatically use HTTPS security on many sites.","creator":"extension-devs@eff.org","homepageURL":"https://www.eff.org/https-everywhere","developers":null,"translators":null,"contributors":null,"locales":["gd"]},{"name":"HTTPS Everywhere","description":"Cripta il Web! Usa HTTPS automaticamente su numerosi siti.","creator":"extension-devs@eff.org","homepageURL":"https://www.eff.org/https-everywhere","developers":null,"translators":null,"contributors":null,"locales":["it"]},{"name":"HTTPS Everywhere","description":"Encrypt the Web! Automatically use HTTPS security on many sites.","creator":"extension-devs@eff.org","homepageURL":"https://www.eff.org/https-everywhere","developers":null,"translators":null,"contributors":null,"locales":["uz"]},{"name":"HTTPS Everywhere","description":"Fshehtëzoni Web-in! Përdorni automatikisht në mjaft sajte siguri HTTPS.","creator":"extension-devs@eff.org","homepageURL":"https://www.eff.org/https-everywhere","developers":null,"translators":null,"contributors":null,"locales":["sq"]},{"name":"HTTPS Everywhere","description":"Šifruokite saityną! Automatiškai naudokite HTTPS saugumą daugelyje svetainių.","creator":"extension-devs@eff.org","homepageURL":"https://www.eff.org/https-everywhere","developers":null,"translators":null,"contributors":null,"locales":["lt"]},{"name":"HTTPS Everywhere","description":"वेब को एनक्रिप्ट करें! सभी वेबसाइट्स पर स्वतः HTTPS का इस्तेमाल करें.","creator":"extension-devs@eff.org","homepageURL":"https://www.eff.org/https-everywhere","developers":null,"translators":null,"contributors":null,"locales":["hi"]},{"name":"எல்லா இடங்களிலும் HTTPS","description":"வலை Encrypt! தானாகவே பல தளங்களில் HTTPS பாதுகாப்பு பயன்படுத்த.","creator":"extension-devs@eff.org","homepageURL":"https://www.eff.org/https-everywhere","developers":null,"translators":null,"contributors":null,"locales":["ta"]},{"name":"Hər yerdə HTTPS","description":"Veb-i şifrələ! Bir çox saytlarda HTTPS-i avtomatik istifadə et.","creator":"extension-devs@eff.org","homepageURL":"https://www.eff.org/https-everywhere","developers":null,"translators":null,"contributors":null,"locales":["az"]},{"name":"HTTPS Everywhere","description":"เข้ารหัสลับให้กับเว็บ ใช้มาตรการความปลอดภัย HTTPS กับเว็บไซต์โดยอัตโมมัติ","creator":"extension-devs@eff.org","homepageURL":"https://www.eff.org/https-everywhere","developers":null,"translators":null,"contributors":null,"locales":["th"]},{"name":"HTTPS Насекаде","description":"Екриптирај го Веб-от! Автоматски користи HTTPS сигурност на многу страни.","creator":"extension-devs@eff.org","homepageURL":"https://www.eff.org/https-everywhere","developers":null,"translators":null,"contributors":null,"locales":["mk"]},{"name":"HTTPS Everywhere","description":"Verschlüsselt das Internet! Nutzen Sie HTTPS-Sicherheit automatisch auf vielen Webseiten.","creator":"extension-devs@eff.org","homepageURL":"https://www.eff.org/https-everywhere","developers":null,"translators":null,"contributors":null,"locales":["de"]},{"name":"HTTPS सर्वत्र","description":"वेब कूटबद्ध करा ! आपोआप अनेक साइटवर HTTPS सुरक्षा वापरा.","creator":"extension-devs@eff.org","homepageURL":"https://www.eff.org/https-everywhere","developers":null,"translators":null,"contributors":null,"locales":["mr"]},{"name":"HTTPS Everywhere","description":"Versleutel het Web! Gebruik HTTPS Everywhere automatisch op vele websites.","creator":"extension-devs@eff.org","homepageURL":"https://www.eff.org/https-everywhere","developers":null,"translators":null,"contributors":null,"locales":["nl-BE"]},{"name":"HTTPS Everywhere","description":"Encrypt the Web! Automatically use HTTPS security on many sites.","creator":"extension-devs@eff.org","homepageURL":"https://www.eff.org/https-everywhere","developers":null,"translators":null,"contributors":null,"locales":["my"]},{"name":"HTTPS Everywhere","description":"Krypter nettet! Bruk HTTPS-sikkerhet automatisk på mange nettsteder.","creator":"extension-devs@eff.org","homepageURL":"https://www.eff.org/https-everywhere","developers":null,"translators":null,"contributors":null,"locales":["nb"]},{"name":"HTTPS Everywhere","description":"Cifrar a Web! Usar automáticamente seguridade HTTPS en moitos sitios.","creator":"extension-devs@eff.org","homepageURL":"https://www.eff.org/https-everywhere","developers":null,"translators":null,"contributors":null,"locales":["gl"]},{"name":"HTTPS Everywhere","description":"Xifra la Web! Fes servir automàticament la seguretat HTTPS a molts llocs.","creator":"extension-devs@eff.org","homepageURL":"https://www.eff.org/https-everywhere","developers":null,"translators":null,"contributors":null,"locales":["ca"]},{"name":"HTTPS Everywhere","description":"Zašifrujte web! Tento doplnok automatizuje použitie HTTPS na mnohých stránkach.","creator":"extension-devs@eff.org","homepageURL":"https://www.eff.org/https-everywhere","developers":null,"translators":null,"contributors":null,"locales":["sk"]},{"name":"HTTPS Everywhere","description":"Criptografar a Web! Use automaticamente a segurança HTTPS em diversos sites.","creator":"extension-devs@eff.org","homepageURL":"https://www.eff.org/https-everywhere","developers":null,"translators":null,"contributors":null,"locales":["pt-BR"]},{"name":"HTTPS Everywhere","description":"加密整個網路！自動在網站上使用 HTTPS 安全連線。","creator":"extension-devs@eff.org","homepageURL":"https://www.eff.org/https-everywhere","developers":null,"translators":null,"contributors":null,"locales":["zh-TW"]},{"name":"HTTPS Svuda","description":"Šifriraj veb! Automatski koristi HTTPS bezbednosni protokol na velikom broju sajtova.","creator":"extension-devs@eff.org","homepageURL":"https://www.eff.org/https-everywhere","developers":null,"translators":null,"contributors":null,"locales":["sr"]},{"name":"HTTPS Everywhere","description":"Enkripteer die Web! Gebruik HTTPS sekuriteit automaties op baie plekke.","creator":"extension-devs@eff.org","homepageURL":"https://www.eff.org/https-everywhere","developers":null,"translators":null,"contributors":null,"locales":["af"]},{"name":"HTTPS Everywhere","description":"وب را رمزگذاری کنید! از امنیت HTTPS بصورت خودکار برای بسیاری از وب‌سایت‌ها استفاده کنید.","creator":"extension-devs@eff.org","homepageURL":"https://www.eff.org/https-everywhere","developers":null,"translators":null,"contributors":null,"locales":["fa"]},{"name":"എല്ലായിടത്തും എച്ച്ടിടിപിഎസ്","description":"വെബ് രഹസ്യ കോഡുകൾ ആക്കി മാറ്റുക ! തനിയെ നിരവധി സൈറ്റുകളിൽ എഛ് ടി ടി പി എസ് സുരക്ഷിതത്വം ഉപയോഗിക്കുക ","creator":"extension-devs@eff.org","homepageURL":"https://www.eff.org/https-everywhere","developers":null,"translators":null,"contributors":null,"locales":["ml"]},{"name":"HTTPS Everywhere","description":"Encrypt the Web! Automatically use HTTPS security on many sites.","creator":"extension-devs@eff.org","homepageURL":"https://www.eff.org/https-everywhere","developers":null,"translators":null,"contributors":null,"locales":["son"]},{"name":"HTTPS Everywhere","description":"Encrypt the Web! Automatically use HTTPS security on many sites.","creator":"extension-devs@eff.org","homepageURL":"https://www.eff.org/https-everywhere","developers":null,"translators":null,"contributors":null,"locales":["ia"]},{"name":"HTTPS Everywhere","description":"Зашифруйте сеть! Автоматически переключайтесь на безопасный протокол HTTPS там, где это возможно.","creator":"extension-devs@eff.org","homepageURL":"https://www.eff.org/https-everywhere","developers":null,"translators":null,"contributors":null,"locales":["ru"]},{"name":"「https優先」","description":"將互聯網加密！自動喺網站使用https連線。","creator":"extension-devs@eff.org","homepageURL":"https://www.eff.org/https-everywhere","developers":null,"translators":null,"contributors":null,"locales":["zh-HK"]},{"name":"HTTPS Everywhere","description":"Szyfruj sieć! Automatycznie używaj zabezpieczeń HTTPS na wielu stronach.","creator":"extension-devs@eff.org","homepageURL":"https://www.eff.org/https-everywhere","developers":null,"translators":null,"contributors":null,"locales":["pl"]},{"name":"HTTPS Everywhere","description":"Encrypt the Web! Automatically use HTTPS security on many sites.","creator":"extension-devs@eff.org","homepageURL":"https://www.eff.org/https-everywhere","developers":null,"translators":null,"contributors":null,"locales":["br"]},{"name":"HTTPS Everywhere","description":"Zakodirajte internet! Samodejno uporabite HTTPS zaščito na mnogih spletnih straneh.","creator":"extension-devs@eff.org","homepageURL":"https://www.eff.org/https-everywhere","developers":null,"translators":null,"contributors":null,"locales":["sl"]},{"name":"HTTPS Everywhere","description":"Šifrēt tīmekli! Automātiski lietot HTTPS drošību daudzās vietnēs.","creator":"extension-devs@eff.org","homepageURL":"https://www.eff.org/https-everywhere","developers":null,"translators":null,"contributors":null,"locales":["lv"]},{"name":"HTTPS Everywhere","description":"Encripte a Web! Utilize automaticamente a segurança HTTPS em vários sites.","creator":"extension-devs@eff.org","homepageURL":"https://www.eff.org/https-everywhere","developers":null,"translators":null,"contributors":null,"locales":["pt-PT"]},{"name":"HTTPS Everywhere","description":"Šifriraj web! Automatski koristi HTTPS sigurnost na mnogim stranicama.","creator":"extension-devs@eff.org","homepageURL":"https://www.eff.org/https-everywhere","developers":null,"translators":null,"contributors":null,"locales":["hr"]},{"name":"HTTPS Kaikkialla","description":"Salaa verkko automaattisesti käyttäen HTTPS-suojausta monilla sivuilla!","creator":"extension-devs@eff.org","homepageURL":"https://www.eff.org/https-everywhere","developers":null,"translators":null,"contributors":null,"locales":["fi"]},{"name":"HTTPS Everywhere","description":"Կոդավորե՛ք Վեբը։ Ավտոմատ օգտագործեք HTTPS անվտանգություն շատ կայքերի վրա։","creator":"extension-devs@eff.org","homepageURL":"https://www.eff.org/https-everywhere","developers":null,"translators":null,"contributors":null,"locales":["hy"]},{"name":"Барлық жерде HTTPS","description":"Вебті шифрлау! Көптеген сайттарда HTTPS қауіпсіздігін автоматты түрде пайдаланыңыз.","creator":"extension-devs@eff.org","homepageURL":"https://www.eff.org/https-everywhere","developers":null,"translators":null,"contributors":null,"locales":["kk"]},{"name":"HTTPS Everywhere","description":"Зашыфруйце Iнтэрнэт! Аўтаматычнае выкарыстанне бяспекі HTTPS на розных сайтах","creator":"extension-devs@eff.org","homepageURL":"https://www.eff.org/https-everywhere","developers":null,"translators":null,"contributors":null,"locales":["be"]},{"name":"HTTPS Oriunde","description":"Criptează web-ul! Folosește automat securitatea HTTPS pe multe site-uri.","creator":"extension-devs@eff.org","homepageURL":"https://www.eff.org/https-everywhere","developers":null,"translators":null,"contributors":null,"locales":["ro"]},{"name":"HTTPS Everywhere","description":"Encrypt the Web! Automatically use HTTPS security on many sites.","creator":"extension-devs@eff.org","homepageURL":"https://www.eff.org/https-everywhere","developers":null,"translators":null,"contributors":null,"locales":["bs"]},{"name":"HTTPS Everywhere","description":"વેબ ગોપનીય કરો! ઘણી સાઇટ પર આપમેળે HTTPS સુરક્ષાનો ઉપયોગ કરો.","creator":"extension-devs@eff.org","homepageURL":"https://www.eff.org/https-everywhere","developers":null,"translators":null,"contributors":null,"locales":["gu"]},{"name":"HTTPS Everywhere","description":"Κρυπτογραφήστε τον Παγκόσμιο Ιστό! Χρησιμοποιήστε αυτόματα ασφάλεια HTTPS σε πολλούς δικτυακούς τόπους.","creator":"extension-devs@eff.org","homepageURL":"https://www.eff.org/https-everywhere","developers":null,"translators":null,"contributors":null,"locales":["el"]},{"name":"HTTPS Everywhere","description":"¡Cifre la Web! Utilice automáticamente la seguridad HTTPS en muchos sitios.","creator":"extension-devs@eff.org","homepageURL":"https://www.eff.org/https-everywhere","developers":null,"translators":null,"contributors":null,"locales":["es"]},{"name":"HTTPS Everywhere","description":"הצפן את הרשת! השתמש באבטחת HTTPS באופן אוטומטי באתרים רבים.","creator":"extension-devs@eff.org","homepageURL":"https://www.eff.org/https-everywhere","developers":null,"translators":null,"contributors":null,"locales":["he"]},{"name":"HTTPS Everywhere","description":"Kryptér webbet! Brug HTTPS-sikkerhed automatisk på mange websteder.","creator":"extension-devs@eff.org","homepageURL":"https://www.eff.org/https-everywhere","developers":null,"translators":null,"contributors":null,"locales":["da"]},{"name":"HTTPS Everywhere","description":"Web iletişiminizi şifreleyin! Birçok sitede otomatik olarak HTTPS güvenliğini kullanın.","creator":"extension-devs@eff.org","homepageURL":"https://www.eff.org/https-everywhere","developers":null,"translators":null,"contributors":null,"locales":["tr"]},{"name":"HTTPS Everywhere","description":"Encrypt the Web! Automatically use HTTPS security on many sites.","creator":"extension-devs@eff.org","homepageURL":"https://www.eff.org/https-everywhere","developers":null,"translators":null,"contributors":null,"locales":["templates"]},{"name":"HTTPS Everywhere","description":"Criptigh an Gréasán! Bain úsáid as slándáil HTTPS go huathoibríoch ar go leor suíomh.","creator":"extension-devs@eff.org","homepageURL":"https://www.eff.org/https-everywhere","developers":null,"translators":null,"contributors":null,"locales":["ga"]},{"name":"HTTPS Everywhere","description":"Encrypt the Web! Automatically use HTTPS security on many sites.","creator":"extension-devs@eff.org","homepageURL":"https://www.eff.org/https-everywhere","developers":null,"translators":null,"contributors":null,"locales":["ne"]},{"name":"HTTPS Everywhere","description":"Sulitkan Sesawang! Guna HTTPS secara automatik di kebanyakan laman.","creator":"extension-devs@eff.org","homepageURL":"https://www.eff.org/https-everywhere","developers":null,"translators":null,"contributors":null,"locales":["ms-MY"]},{"name":"HTTPS Everywhere","description":"Versleutel het web! Gebruik automatisch HTTPS-beveiliging op veel websites.","creator":"extension-devs@eff.org","homepageURL":"https://www.eff.org/https-everywhere","developers":null,"translators":null,"contributors":null,"locales":["nl"]},{"name":"HTTPS Everywhere","description":"ウェブを暗号化します！多くのウェブサイト上でHTTPSセキュリティを自動的にかけます。","creator":"extension-devs@eff.org","homepageURL":"https://www.eff.org/https-everywhere","developers":null,"translators":null,"contributors":null,"locales":["ja"]}],"targetApplications":[{"id":"toolkit@mozilla.org","minVersion":null,"maxVersion":null}],"targetPlatforms":[],"signedDate":null,"seen":true,"dependencies":[],"incognito":"spanning","userPermissions":{"permissions":["webNavigation","webRequest","webRequestBlocking","tabs","cookies","storage"],"origins":["*://*/*","ftp://*/*"]},"optionalPermissions":{"permissions":[],"origins":[]},"icons":{"48":"images/icons/icon-active-48.png","128":"images/icons/icon-active-128.png"},"iconURL":null,"blocklistState":0,"blocklistURL":null,"startupData":{"persistentListeners":{"webRequest":{"onBeforeRequest":[[{"incognito":null,"tabId":null,"types":null,"urls":["*://*/*","ftp://*/*"],"windowId":null},["blocking"]]],"onBeforeRedirect":[[{"incognito":null,"tabId":null,"types":null,"urls":["https://*/*"],"windowId":null},null]],"onCompleted":[[{"incognito":null,"tabId":null,"types":null,"urls":["*://*/*"],"windowId":null},null]],"onErrorOccurred":[[{"incognito":null,"tabId":null,"types":null,"urls":["*://*/*"],"windowId":null}]],"onHeadersReceived":[[{"incognito":null,"tabId":null,"types":null,"urls":["https://*/*"],"windowId":null},["blocking","responseHeaders"]]]}}},"hidden":false,"installTelemetryInfo":null,"recommendationState":null,"rootURI":"resource://torbutton/content/extensions/https-everywhere/","location":"app-builtin"},{"id":"ddg@search.mozilla.org","syncGUID":"{34463d81-3d98-4bb3-b271-acaaa889c99f}","version":"1.1","type":"extension","loader":null,"updateURL":null,"optionsURL":null,"optionsType":null,"optionsBrowserStyle":true,"aboutURL":null,"defaultLocale":{"name":"DuckDuckGo","description":"Search DuckDuckGo","creator":null,"developers":null,"translators":null,"contributors":null},"visible":true,"active":true,"userDisabled":false,"appDisabled":false,"embedderDisabled":false,"installDate":1653908101720,"applyBackgroundUpdates":1,"path":null,"skinnable":false,"sourceURI":null,"releaseNotesURI":null,"softDisabled":false,"foreignInstall":false,"strictCompatibility":true,"locales":[],"targetApplications":[{"id":"toolkit@mozilla.org","minVersion":null,"maxVersion":null}],"targetPlatforms":[],"signedDate":null,"seen":true,"dependencies":[],"incognito":"spanning","userPermissions":{"permissions":[],"origins":[]},"optionalPermissions":{"permissions":[],"origins":[]},"icons":{"16":"favicon.png"},"iconURL":null,"blocklistState":0,"blocklistURL":null,"startupData":{},"hidden":true,"installTelemetryInfo":null,"recommendationState":null,"rootURI":"resource://search-extensions/ddg/","location":"app-builtin"},{"id":"youtube@search.mozilla.org","syncGUID":"{4b10cf03-df8a-4404-a9cd-7ea095ef52d4}","version":"1.0","type":"extension","loader":null,"updateURL":null,"optionsURL":null,"optionsType":null,"optionsBrowserStyle":true,"aboutURL":null,"defaultLocale":{"name":"YouTube","description":"YouTube - Videos","creator":null,"developers":null,"translators":null,"contributors":null},"visible":true,"active":true,"userDisabled":false,"appDisabled":false,"embedderDisabled":false,"installDate":1653908101878,"applyBackgroundUpdates":1,"path":null,"skinnable":false,"sourceURI":null,"releaseNotesURI":null,"softDisabled":false,"foreignInstall":false,"strictCompatibility":true,"locales":[],"targetApplications":[{"id":"toolkit@mozilla.org","minVersion":null,"maxVersion":null}],"targetPlatforms":[],"signedDate":null,"seen":true,"dependencies":[],"incognito":"spanning","userPermissions":{"permissions":[],"origins":[]},"optionalPermissions":{"permissions":[],"origins":[]},"icons":{"16":"favicon.ico"},"iconURL":null,"blocklistState":0,"blocklistURL":null,"startupData":{},"hidden":true,"installTelemetryInfo":null,"recommendationState":null,"rootURI":"resource://search-extensions/youtube/","location":"app-builtin"},{"id":"blockchair@search.mozilla.org","syncGUID":"{f91f3a47-bd15-48a5-90fa-b5516ac2674d}","version":"1.0","type":"extension","loader":null,"updateURL":null,"optionsURL":null,"optionsType":null,"optionsBrowserStyle":true,"aboutURL":null,"defaultLocale":{"name":"Blockchair","description":"Blockchair","creator":null,"developers":null,"translators":null,"contributors":null},"visible":true,"active":true,"userDisabled":false,"appDisabled":false,"embedderDisabled":false,"installDate":1653908101926,"applyBackgroundUpdates":1,"path":null,"skinnable":false,"sourceURI":null,"releaseNotesURI":null,"softDisabled":false,"foreignInstall":false,"strictCompatibility":true,"locales":[],"targetApplications":[{"id":"toolkit@mozilla.org","minVersion":null,"maxVersion":null}],"targetPlatforms":[],"signedDate":null,"seen":true,"dependencies":[],"incognito":"spanning","userPermissions":{"permissions":[],"origins":[]},"optionalPermissions":{"permissions":[],"origins":[]},"icons":{"16":"favicon.png"},"iconURL":null,"blocklistState":0,"blocklistURL":null,"startupData":{},"hidden":true,"installTelemetryInfo":null,"recommendationState":null,"rootURI":"resource://search-extensions/blockchair/","location":"app-builtin"},{"id":"ddg-onion@search.mozilla.org","syncGUID":"{dc455a8b-ad39-464e-ad90-ee2ea9b84de4}","version":"1.0","type":"extension","loader":null,"updateURL":null,"optionsURL":null,"optionsType":null,"optionsBrowserStyle":true,"aboutURL":null,"defaultLocale":{"name":"DuckDuckGoOnion","description":"Duck Duck Go Onion","creator":null,"developers":null,"translators":null,"contributors":null},"visible":true,"active":true,"userDisabled":false,"appDisabled":false,"embedderDisabled":false,"installDate":1653908101950,"applyBackgroundUpdates":1,"path":null,"skinnable":false,"sourceURI":null,"releaseNotesURI":null,"softDisabled":false,"foreignInstall":false,"strictCompatibility":true,"locales":[],"targetApplications":[{"id":"toolkit@mozilla.org","minVersion":null,"maxVersion":null}],"targetPlatforms":[],"signedDate":null,"seen":true,"dependencies":[],"incognito":"spanning","userPermissions":{"permissions":[],"origins":[]},"optionalPermissions":{"permissions":[],"origins":[]},"icons":{"16":"favicon.ico"},"iconURL":null,"blocklistState":0,"blocklistURL":null,"startupData":{},"hidden":true,"installTelemetryInfo":null,"recommendationState":null,"rootURI":"resource://search-extensions/ddg-onion/","location":"app-builtin"},{"id":"startpage@search.mozilla.org","syncGUID":"{22996069-702f-4737-bd94-8c75131d96af}","version":"1.0","type":"extension","loader":null,"updateURL":null,"optionsURL":null,"optionsType":null,"optionsBrowserStyle":true,"aboutURL":null,"defaultLocale":{"name":"Startpage","description":"Start Page","creator":null,"developers":null,"translators":null,"contributors":null},"visible":true,"active":true,"userDisabled":false,"appDisabled":false,"embedderDisabled":false,"installDate":1653908101979,"applyBackgroundUpdates":1,"path":null,"skinnable":false,"sourceURI":null,"releaseNotesURI":null,"softDisabled":false,"foreignInstall":false,"strictCompatibility":true,"locales":[],"targetApplications":[{"id":"toolkit@mozilla.org","minVersion":null,"maxVersion":null}],"targetPlatforms":[],"signedDate":null,"seen":true,"dependencies":[],"incognito":"spanning","userPermissions":{"permissions":[],"origins":[]},"optionalPermissions":{"permissions":[],"origins":[]},"icons":{"16":"favicon.png"},"iconURL":null,"blocklistState":0,"blocklistURL":null,"startupData":{},"hidden":true,"installTelemetryInfo":null,"recommendationState":null,"rootURI":"resource://search-extensions/startpage/","location":"app-builtin"},{"id":"twitter@search.mozilla.org","syncGUID":"{efb407f8-e745-4e08-9645-044abb5239e1}","version":"1.0","type":"extension","loader":null,"updateURL":null,"optionsURL":null,"optionsType":null,"optionsBrowserStyle":true,"aboutURL":null,"defaultLocale":{"name":"Twitter","description":"Realtime Twitter Search","creator":null,"developers":null,"translators":null,"contributors":null},"visible":true,"active":true,"userDisabled":false,"appDisabled":false,"embedderDisabled":false,"installDate":1653908102015,"applyBackgroundUpdates":1,"path":null,"skinnable":false,"sourceURI":null,"releaseNotesURI":null,"softDisabled":false,"foreignInstall":false,"strictCompatibility":true,"locales":[],"targetApplications":[{"id":"toolkit@mozilla.org","minVersion":null,"maxVersion":null}],"targetPlatforms":[],"signedDate":null,"seen":true,"dependencies":[],"incognito":"spanning","userPermissions":{"permissions":[],"origins":[]},"optionalPermissions":{"permissions":[],"origins":[]},"icons":{"16":"favicon.ico"},"iconURL":null,"blocklistState":0,"blocklistURL":null,"startupData":{},"hidden":true,"installTelemetryInfo":null,"recommendationState":null,"rootURI":"resource://search-extensions/twitter/","location":"app-builtin"},{"id":"wikipedia@search.mozilla.org","syncGUID":"{3b456c7b-6bf4-4bb9-9144-b27751c5a593}","version":"1.1","type":"extension","loader":null,"updateURL":null,"optionsURL":null,"optionsType":null,"optionsBrowserStyle":true,"aboutURL":null,"defaultLocale":{"name":"Wikipedia (en)","description":"Wikipedia, the Free Encyclopedia","creator":null,"developers":null,"translators":null,"contributors":null},"visible":true,"active":true,"userDisabled":false,"appDisabled":false,"embedderDisabled":false,"installDate":1653908102032,"applyBackgroundUpdates":1,"path":null,"skinnable":false,"sourceURI":null,"releaseNotesURI":null,"softDisabled":false,"foreignInstall":false,"strictCompatibility":true,"locales":[],"targetApplications":[{"id":"toolkit@mozilla.org","minVersion":null,"maxVersion":null}],"targetPlatforms":[],"signedDate":null,"seen":true,"dependencies":[],"incognito":"spanning","userPermissions":{"permissions":[],"origins":[]},"optionalPermissions":{"permissions":[],"origins":[]},"icons":{"16":"favicon.ico"},"iconURL":null,"blocklistState":0,"blocklistURL":null,"startupData":{},"hidden":true,"installTelemetryInfo":null,"recommendationState":null,"rootURI":"resource://search-extensions/wikipedia/","location":"app-builtin"},{"id":"yahoo@search.mozilla.org","syncGUID":"{546935a7-7d7f-4322-b54f-1bdbfe24d777}","version":"1.0","type":"extension","loader":null,"updateURL":null,"optionsURL":null,"optionsType":null,"optionsBrowserStyle":true,"aboutURL":null,"defaultLocale":{"name":"Yahoo","description":"Yahoo Search","creator":null,"developers":null,"translators":null,"contributors":null},"visible":true,"active":true,"userDisabled":false,"appDisabled":false,"embedderDisabled":false,"installDate":1653908102053,"applyBackgroundUpdates":1,"path":null,"skinnable":false,"sourceURI":null,"releaseNotesURI":null,"softDisabled":false,"foreignInstall":false,"strictCompatibility":true,"locales":[],"targetApplications":[{"id":"toolkit@mozilla.org","minVersion":null,"maxVersion":null}],"targetPlatforms":[],"signedDate":null,"seen":true,"dependencies":[],"incognito":"spanning","userPermissions":{"permissions":[],"origins":[]},"optionalPermissions":{"permissions":[],"origins":[]},"icons":{"16":"favicon.ico"},"iconURL":null,"blocklistState":0,"blocklistURL":null,"startupData":{},"hidden":true,"installTelemetryInfo":null,"recommendationState":null,"rootURI":"resource://search-extensions/yahoo/","location":"app-builtin"},{"id":"{48748554-4c01-49e8-94af-79662bf34d50}","syncGUID":"{8d2a7e5b-2182-497b-b22f-abfd57cdf924}","version":"3.0.3","type":"extension","loader":null,"updateURL":null,"optionsURL":null,"optionsType":null,"optionsBrowserStyle":true,"aboutURL":null,"defaultLocale":{"name":"Privacy Pass","description":"Client support for Privacy Pass anonymous authorization protocol.","creator":null,"developers":null,"translators":null,"contributors":null},"visible":true,"active":true,"userDisabled":false,"appDisabled":false,"embedderDisabled":false,"installDate":1653917176192,"updateDate":1655213605505,"applyBackgroundUpdates":1,"path":"/home/sam/.local/share/torbrowser/tbb/x86_64/tor-browser_en-US/Browser/TorBrowser/Data/Browser/profile.default/extensions/{48748554-4c01-49e8-94af-79662bf34d50}.xpi","skinnable":false,"sourceURI":"https://addons.mozilla.org/firefox/downloads/file/3962152/privacy_pass-3.0.3.xpi","releaseNotesURI":"https://addons.mozilla.org/en-US/firefox/addon/privacy-pass/versions/3.0.3/updateinfo/","softDisabled":false,"foreignInstall":false,"strictCompatibility":true,"locales":[],"targetApplications":[{"id":"toolkit@mozilla.org","minVersion":"48.0","maxVersion":"*"}],"targetPlatforms":[],"signedState":2,"signedDate":1655142993000,"seen":true,"dependencies":[],"incognito":"spanning","userPermissions":{"permissions":["cookies","webRequest","webRequestBlocking"],"origins":["<all_urls>"]},"optionalPermissions":{"permissions":[],"origins":[]},"icons":{"32":"icons/32/gold.png","48":"icons/48/gold.png","64":"icons/64/gold.png","128":"icons/128/gold.png"},"iconURL":null,"blocklistState":0,"blocklistURL":null,"startupData":null,"hidden":false,"installTelemetryInfo":{"source":"amo","sourceURL":"https://addons.mozilla.org/en-US/firefox/addon/privacy-pass/","method":"link"},"recommendationState":null,"rootURI":"jar:file:///home/sam/.local/share/torbrowser/tbb/x86_64/tor-browser_en-US/Browser/TorBrowser/Data/Browser/profile.default/extensions/%7B48748554-4c01-49e8-94af-79662bf34d50%7D.xpi!/","location":"app-profile"}]}